NumeroIssue,LoginUsuario,Nome,Sobrenome,Genero
16,cyz,Cynthia,Zanoni,female
10,barrosgeraldo,Geraldo,Barros,male
457,hsbt,Hiroshi,SHIBATA,male
327,adamniedzielski,Adam,Niedzielski,male
321,agorf,Angelos,Orfanakos,male
299,ChidoriY,ChidoriY,,male
28,niharikakrishnan,Niharika,Krishnan,female
26,niharikakrishnan,Niharika,Krishnan,female
20,eduatro,Eduardo,,male
18,aliciapj,Alicia,Pérez,female
16,terezaif,Tereza,Iofciu,female
15,drcat101,Catherine,Nelson,female
13,julianaklulo,Juliana,Karoline,female
11,whykay,whykay,,male
10,whykay,whykay,,male
8,reshamas,Reshama,Shaikh,female
548,PyLadiesAthens,PyLadies,Athens,female
514,lorenanicole,Lorena,Mesa,female
502,ks--ks,Olga,Berezovsky,female
501,Mariatta,Mariatta,Wijaya,female
488,lorenanicole,Lorena,Mesa,female
482,albendz,Alicia,,female
480,lorenanicole,Lorena,Mesa,female
475,albendz,Alicia,,female
474,albendz,Alicia,,female
473,pyladiesowerri,PyLadies,Owerri,female
455,liniribeiro,Alini,Ribeiro,female
451,fcardoso0917,Flávia,Cardoso,female
434,andressavldrs,Andressa,Valadares,female
428,Mariatta,Mariatta,Wijaya,female
427,pyladiesowerri,PyLadies,Owerri,female
412,Mariatta,Mariatta,Wijaya,female
408,BrisbanePyLadies,BrisbanePyLadies,,female
405,willingc,Carol,Willing,female
398,BrunaNayara,Bruna,Moreira,female
96,MmeMarieLouise,Marie-Louise,Annan,female
90,cecivieira,Ana,Cecília Vieira,female
76,MmeMarieLouise,Marie-Louise,Annan,female
71,maud-lv,Maud,,female
68,lorenanicole,Lorena,Mesa,female
63,MmeMarieLouise,Marie-Louise,Annan,female
46,MmeMarieLouise,Marie-Louise,Annan,female
45,MmeMarieLouise,Marie-Louise,Annan,female
61,mUtterberg,Marissa,,female
60,lorenanicole,Lorena,Mesa,female
55,lorenanicole,Lorena,Mesa,female
54,lorenanicole,Lorena,Mesa,female
50,laurauzcategui,Laura,Uzcategui,female
41,PrabhanshuAttri,Prabhanshu,Attri,male
438,harshitagupta30,Harshita,Gupta,female
435,chhavip,Chhavi,P. Gupta,female
412,opticod,Anupam,Das,male
394,chhavip,Chhavi,P. Gupta,female
376,chhavip,Chhavi,P. Gupta,female
371,RoyPuja,Puja,Roy,female
367,opticod,Anupam,Das,male
365,zassmin,zassmin,,female
360,zassmin,zassmin,,female
355,zassmin,zassmin,,female
344,jigyasa-grover,Jigyasa,Grover,female
337,shehba,Shehba,,female
335,jigyasa-grover,Jigyasa,Grover,female
333,chhavip,Chhavi,P. Gupta,female
331,zassmin,zassmin,,female
330,zassmin,zassmin,,female
279,zassmin,zassmin,,female
17,isometimescode,Toni,Wells,female
6,kaitlynhova,Kaitlyn,Hova ,female
3,kaitlynhova,Kaitlyn,Hova ,female
1757,adamantike,Michael,Manganiello,male
1754,adamantike,Michael,Manganiello,male
1751,adamantike,Michael,Manganiello,male
1742,rgs258,rgs,,male
1728,nikhiljohn10,Nikhil,John,male
1727,nikhiljohn10,Nikhil,John,male
1722,magul,Tomasz,Magulski,male
1720,Brzozova,Brzozova,,female
1712,magul,Tomasz,Magulski,male
1711,magul,Tomasz,Magulski,male
1710,das-g,Raphael,Das Gupta,male
1708,bcopy,Brice,Copy,male
1703,M-b850,Mehrshad,Baqerzadegan,male
1692,jinto,jay,park,male
1690,nikhiljohn10,Nikhil,John,male
1684,nikhiljohn10,Nikhil,John,male
1683,nikhiljohn10,Nikhil,John,male
1681,nikhiljohn10,Nikhil,John,male
1679,nikhiljohn10,Nikhil,John,male
1677,nikhiljohn10,Nikhil,John,male
1676,jwhitlock,John,Whitlock,male
1670,PluckyPrecious,Kelechi,Precious Nwachukwu,female
1666,ekohl,Ewoud,Kohl van Wijngaarden,male
1665,magul,Tomasz,Magulski,male
1664,GCrispino,Gabriel,Crispino,male
1660,magul,Tomasz,Magulski,male
1652,magul,Tomasz,Magulski,male
1650,magul,Tomasz,Magulski,male
1641,kjcole,Kevin,Cole,male
1636,lindboe,Lizzi,Lindboe,female
1616,magul,Tomasz,Magulski,male
1609,magul,Tomasz,Magulski,male
1605,nimasmi,Nick,Smith,male
1597,FelipeSBarros,FelipeSBarros,,male
1595,magul,Tomasz,Magulski,male
1589,PierreGuilmin,PierreGuilmin,,male
1588,ivigilm,Isabel,Vigil Morán,female
1578,fernandasj,Fernanda,Vieira,female
1576,ondrejsika,Ondrej,Sika,male
1574,magul,Tomasz,Magulski,male
1558,ssep4u,"JeongHoon,",Rhim,male
1551,istanya,istanya,,female
1547,magul,Tomasz,Magulski,male
1540,magul,Tomasz,Magulski,male
1539,magul,Tomasz,Magulski,male
1536,love-adela,Adela,Chung,female
1535,love-adela,Adela,Chung,female
1533,hr567,黄融,,male
1529,khdc-me,Kevin,Harper,male
1525,KunihikoKido,Kunihiko,Kido,male
1519,ftnext,nikkie,,female
1516,mfrasca,Mario,Frasca,male
1515,das-g,Raphael,Das Gupta,male
1506,magul,Tomasz,Magulski,male
1498,sooobus,Valeriia,Nemychnikova,female
1497,magul,Tomasz,Magulski,male
1495,brondsem,Dave,Brondsema,male
1491,istanya,istanya,,female
1484,LenaVolzhina,LenaVolzhina,,female
1476,malkoG,Lee,Jae-yeol,male
1474,das-g,Raphael,Das Gupta,male
1469,cauebs,Cauê,Baasch de Souza,male
1467,jeo19,David,Jeo,male
1465,das-g,Raphael,Das Gupta,male
1462,das-g,Raphael,Das Gupta,male
1451,magul,Tomasz,Magulski,male
1440,tnir,Takuya,N,male
1433,magul,Tomasz,Magulski,male
1432,annabranco,Anna,Branco,female
1424,nusnivek,Kevin,,male
1420,DEVASANA,DEVASANA,,female
1418,das-g,Raphael,Das Gupta,male
1397,magul,Tomasz,Magulski,male
1379,jhodgdon-drp,Jennifer,Hodgdon,female
1377,lisac,lisac,,male
1372,BenPoser,Ben,Poser,male
1365,gabrielheming,gabrielheming,,male
1364,jabadia,Javier,Abadía,male
1363,maxtortime,Kim,Taehwan,female
1354,magul,Tomasz,Magulski,male
1350,jhodgdon-drp,Jennifer,Hodgdon,female
1349,kaizumaki,Kazuki,Imamura,male
1338,jhodgdon-drp,Jennifer,Hodgdon,female
1337,jhodgdon-drp,Jennifer,Hodgdon,female
1336,jhodgdon-drp,Jennifer,Hodgdon,female
1335,jhodgdon-drp,Jennifer,Hodgdon,female
1324,jhodgdon-drp,Jennifer,Hodgdon,female
1322,jhodgdon-drp,Jennifer,Hodgdon,female
1317,magul,Tomasz,Magulski,male
1311,graingert,Thomas,Grainger,male
1308,kaizumaki,Kazuki,Imamura,male
1299,magul,Tomasz,Magulski,male
1298,ondrejsika,Ondrej,Sika,male
1283,Ubaidullah-Ismat,Ubaidullah-Ismat,,male
1282,Dayof,Dayanne,Fernandes,female
1266,ekohl,Ewoud,Kohl van Wijngaarden,male
1261,LaHesis,Sergei,,male
1259,ghost,Deleted,user,male
1252,soomin-jeong,Soo,Min Jeong,female
1245,picibucor,picibucor,,male
1244,sesutton93,sesutton,,male
1225,jacebrowning,Jace,Browning,male
1222,twodarek,Thomas,Wodarek,male
1217,Kwpolska,Chris,Warrick,male
1210,magul,Tomasz,Magulski,male
1208,zooblaster,Sergey,Naumov,male
1202,zumwalt,Casey,Zumwalt,female
1198,lilithxxx,Rishav,Chakraborty,male
1192,sbeaumont,Serge,Beaumont,male
1190,hjwp,Harry,Percival,male
709,Eloisa-R,Eloisa-R,,female
690,sentry-io[bot],sentry-io[bot],,male
672,marksweb,Mark,Walker,male
667,marksweb,Mark,Walker,male
661,marksweb,Mark,Walker,male
660,amakarudze,Anna,Makarudze,female
658,vanessa,Vanessa,Barreiros,female
653,marksweb,Mark,Walker,male
641,amakarudze,Anna,Makarudze,female
640,marksweb,Mark,Walker,male
639,marksweb,Mark,Walker,male
634,marksweb,Mark,Walker,male
633,amakarudze,Anna,Makarudze,female
630,amakarudze,Anna,Makarudze,female
629,marksweb,Mark,Walker,male
628,amakarudze,Anna,Makarudze,female
624,marksweb,Mark,Walker,male
620,marksweb,Mark,Walker,male
612,amakarudze,Anna,Makarudze,female
611,xavdid,David,Brownman,male
610,carltongibson,Carlton,Gibson,male
604,amakarudze,Anna,Makarudze,female
603,amakarudze,Anna,Makarudze,female
593,amakarudze,Anna,Makarudze,female
590,amakarudze,Anna,Makarudze,female
580,dependabot[bot],dependabot[bot],,male
579,amakarudze,Anna,Makarudze,female
572,amakarudze,Anna,Makarudze,female
537,amakarudze,Anna,Makarudze,female
512,tapaswenipathak,Tapasweni,Pathak,male
510,vanessa,Vanessa,Barreiros,female
509,vanessa,Vanessa,Barreiros,female
500,apoclyps,Kyle,Harrison,male
485,mUtterberg,Marissa,,female
483,khdc-me,Kevin,Harper,male
1099,felixxm,Mariusz,Felisiak,male
1093,adamchainz,Adam,Johnson,male
1090,claudep,Claude,Paroz,male
1079,carltongibson,Carlton,Gibson,male
1029,ewjoachim,Joachim,Jablon,male
1000,Rahul-Gothwal,Rahul,Gothwal,male
997,claudep,Claude,Paroz,male
994,wsvincent,William,Vincent,male
988,durey,durey,,male
984,iamarnav,Lcode,,female
978,frankwiles,Frank,Wiles,male
975,bmispelon,Baptiste,Mispelon,male
972,uri-rodberg,אורי,,male
961,RamezIssac,Ramez,Ashraf,male
951,rixx,Tobias,Kunze,male
907,ubernostrum,James,Bennett,male
905,cgl,Çağıl,,male
904,pauloxnet,Paolo,Melchiorre,male
903,magyarn,Nathan,Haynes-Magyar,male
896,chicheng,CHI,Cheng,male
893,claudep,Claude,Paroz,male
886,tobiasmcnulty,Tobias,McNulty,male
871,m-aciek,m-aciek,,male
870,tobiasmcnulty,Tobias,McNulty,male
866,tobiasmcnulty,Tobias,McNulty,male
862,tobiasmcnulty,Tobias,McNulty,male
860,Sebi2020,Sebi,,male
857,uri-rodberg,אורי,,male
838,beruic,Jimmy,Merrild Krag,male
828,mxsasha,Sasha,Romijn,female
818,rfleschenberg,René,Fleschenberg,male
805,claudep,Claude,Paroz,male
800,ankushbadlas,Ankush,Chauhan,male
797,pauloxnet,Paolo,Melchiorre,male
796,pauloxnet,Paolo,Melchiorre,male
793,oduvan,Alexander,Lyabah,male
777,acangiani,Agustín,Cangiani,male
776,ramiro,Ramiro,Morales,male
765,stefanos82,Στέφανος,,male
1773,dima-dmytruk23,dima-dmytruk,,male
1757,MuhammadBilal1,Muhammad,Bilal,male
1716,jtremesay-sereema,jonathan,Tremesaygues,male
1717,qeternity,Chase,Bennett,male
1692,yedpodtrzitko,yed,podtrzitko,male
1691,shahriarshm,Shahriar,Shariati,male
1683,acu192,Ryan,Henning,male
1680,djpimp2010,djpimp,,male
1676,zsx151,zsx,,male
1668,aryaniyaps,Aryan,Iyappan,male
1639,bertonha,Christofer,Bertonha,male
1637,aryaniyaps,Aryan,Iyappan,male
1624,hashlash,hashlash,,male
1621,DanielSwain,Dan,Swain,male
1613,mikaraunio,Mika,Raunio,female
1594,nebiyuelias1,Nebiyu,,male
1588,lubomirhadziev,Lyubomir,Hadzhiev,male
1582,AlexHill,Alex,Hill,male
1579,Christophe31,Narbonne,,female
1578,AlexHill,Alex,Hill,male
1574,oTree-org,oTree-org,,male
1572,oTree-org,oTree-org,,male
1566,nesvoboda,Arseniy,Shishaev,male
1558,kojibhy,kyojin,,male
1557,davidmarquis,David,Marquis,male
1555,gghildyal,gghildyal,,male
1554,gghildyal,gghildyal,,male
1551,accordioff,accordioff,,male
1550,KStenK,Stenkar,,male
1549,lobsterkatie,Katie,Byers,female
1522,smithdc1,David,Smith,male
1520,chibicitiberiu,chibicitiberiu,,male
1515,adamchainz,Adam,Johnson,male
1513,carltongibson,Carlton,Gibson,male
1494,LeOndaz,LeOndaz,,male
1480,carltongibson,Carlton,Gibson,male
1473,Radutiu-Horatiu,Radutiu,Horatiu,male
1464,LukenAgile42,LukenAgile,,male
1455,adrzystek,Andrzej,Drzystek,male
1450,vaisaghvt,Vaisagh,,female
1442,AmirMahmood,AmirMahmood,,male
1441,jgreen44,Jason,Green,male
1433,harem234,harem,,male
1432,Voodlaz,Inojelis,,male
1426,gojuukaze,gojuukaze,,male
1424,fbove,Kylo,,male
1421,jaydenwindle,Jayden,Windle,male
1409,waqasraz,waqas,razzaq,male
1401,Hyperian428,Hyperian,,male
1396,rahimnagori,Abdul,R Nagori,male
1391,andrewgodwin,Andrew,Godwin,male
1390,yspreen,Yannick,Spreen,male
1386,iamareebjamal,Areeb,Jamal,male
1374,swist,Tomasz,Nguyen,male
1370,max-wittig,Max,Wittig,male
1369,jayalen86,jayalen,,male
1368,Ammadkhalid,Ammad,Khalid,male
1353,boxed,Anders,Hovmöller,male
1348,untitaker,Markus,Unterwaditzer,male
1340,LukenAgile42,LukenAgile,,male
1338,zimventures,Rob,Zimmerman,male
1331,yuriiz,Iurii,Zolotko,male
1324,DiDHack,DiDHack,,male
1314,oTree-org,oTree-org,,male
1280,mevaibhav,Vaibhav,Mishra,male
1272,spielmannj,Johannes,Spielmann,male
1271,xiaoqiao99,xiaoqiao,,female
1269,hozblok,Ivan,(don_vanchos) Ergunov,male
1257,d-s-e,d.s.e,,male
1253,datasleek,Datasleek,,male
1252,zdYng,zdYng,,male
1251,carltongibson,Carlton,Gibson,male
1247,waqasraz,waqas,razzaq,male
1245,waqasraz,waqas,razzaq,male
1242,agateblue,Agate,,female
1240,agateblue,Agate,,female
1238,vaibhavkumar049,Vaibhav,Kumar Chaudhary,male
1236,vaibhavkumar049,Vaibhav,Kumar Chaudhary,male
1234,adamhooper,Adam,Hooper,male
1225,Ken4scholars,Kenscholars,,male
1204,Landver,Landver,,male
1194,Sovetnikov,Sovetnikov,,male
1193,ghost,Deleted,user,male
1191,rgeller,Robert,Geller,male
1189,nimishbansal,nimishbansal,,male
1186,sachinsiddhpura,Sachin,Siddhpura,male
1182,akatrevorjay,Trevor,Joynson,male
1181,devxplorer,Dmitriev,Alexander,male
1175,dblenkus,Domen,Blenkuš,male
1174,imbolc,Imbolc,,male
1170,dav20011,dav,,male
1165,strexicious,Strex,,male
1149,malefice,Austin,Pua,male
1136,majgaard,Carl-Philip,Majgaard,male
1133,ou-bing,欧冰,,male
1129,mulka,Kyle,Mulka,male
308,alyjak,alyjak,,male
307,Andrew-Chen-Wang,Andrew,Chen Wang,male
305,stas-dubrovskyi,Stanislav,Dubrovskyi,male
302,synodriver,synodriver,,male
292,belongwqz,belongwqz,,female
278,lsaavedr,Luis,Saavedra,male
275,rdmrocha,rdmrocha,,female
272,Kludex,Marcelo,Trylesinski,male
265,euri10,euri,,male
262,vaartis,vaartis,,male
261,adamchainz,Adam,Johnson,male
260,mgorny,Michał,Górny,male
254,adamchainz,Adam,Johnson,male
253,Ivo-Donchev,Ivaylo,Donchev,male
251,GitBolt,Bolt,,male
250,cjerdonek,Chris,Jerdonek,male
249,StefanCardnell,Stefan,,male
245,srkunze,Sven,,male
240,devgianlu,devgianlu,,female
235,pgjones,Phil,Jones,male
234,michallowasrzechonek-silvair,Michał,Lowas-Rzechonek,male
230,pgjones,Phil,Jones,male
229,pgjones,Phil,Jones,male
228,HMaker,Heraldo,Lucena,male
227,a-feld,Allan,Feldman,male
222,arm7star,arm7star,,male
221,pgjones,Phil,Jones,male
211,lsaavedr,Luis,Saavedra,male
209,davidmarquis,David,Marquis,male
205,belongwqz,belongwqz,,female
201,asedeno,Alejandro,R. Sedeño,male
199,justindujardin,Justin,DuJardin,male
315,sijanonly,Sijan,Bhandari,male
314,LucasSD,LucasSD,,male
283,ppmdo,Pablo,,male
277,sijanonly,Sijan,Bhandari,male
260,dependabot[bot],dependabot[bot],,male
226,dependabot-preview[bot],dependabot-preview[bot],,male
224,chriswedgwood,Chris,Wedgwood,male
394,harem234,harem,,male
390,caleb15,Caleb,Collins-Parks,male
363,Ivo-Donchev,Ivaylo,Donchev,male
362,asadali84,Asad,,male
348,pankaj-vaid,pankaj-vaid,,male
347,Altroo,Yooy,Altroo,female
345,Ivo-Donchev,Ivaylo,Donchev,male
335,shinuza,Samori,Gorse,male
322,carltongibson,Carlton,Gibson,male
315,carltongibson,Carlton,Gibson,male
298,Brishen,Brishen,,male
293,vaisaghvt,Vaisagh,,female
292,dimkoug,Dimitris,Kougioumtzis,male
281,carltongibson,Carlton,Gibson,male
279,pppigg,zhangwujun,,male
277,WhyNotHugo,Hugo,Osvaldo Barrera,male
276,carltongibson,Carlton,Gibson,male
268,simonw,Simon,Willison,male
267,simonw,Simon,Willison,male
263,hardikbansal,Hardik,Bansal,male
260,waikup83,waikup,,male
256,Catastropha,Teodor,Scorpan,male
255,tomchristie,Tom,Christie,male
247,joonhyungshin,Joonhyung,Shin,male
246,MoncefB,Moncef,BIAZ,male
245,leavest,leavest,,male
244,lfaucheux,Laurent,Faucheux,male
237,agronick,Kyle,Agronick,male
284,Ben-Owen-3183,Ben-Owen-,,male
283,Patrickhhh99,Patrick,Lu,male
281,Kub-AT,Jakub,Stawowy,male
278,gattish,gattish,,male
275,carltongibson,Carlton,Gibson,male
274,raphaelm,Raphael,Michel,male
271,raphaelm,Raphael,Michel,male
266,LiteWait,LiteWait,,female
262,qeternity,Chase,Bennett,male
260,carltongibson,Carlton,Gibson,male
259,qeternity,Chase,Bennett,male
258,qeternity,Chase,Bennett,male
251,acu192,Ryan,Henning,male
247,acu192,Ryan,Henning,male
246,qeternity,Chase,Bennett,male
245,acu192,Ryan,Henning,male
239,qeternity,Chase,Bennett,male
236,sunweiyang,Wei,Sun,male
229,carltongibson,Carlton,Gibson,male
223,XingDongZhe,行动zhe,,male
219,ryanpetrello,Ryan,Petrello,male
214,huangchanghuai,huangchanghuai,,male
212,ryanpetrello,Ryan,Petrello,male
211,sharon-samson,Sharon,Samson,female
208,babus,Babu,Somasundaram,male
203,kmahelona,Keoni,Mahelona,male
195,qeternity,Chase,Bennett,male
194,si14,Dmitry,Groshev,male
193,wmorrell,wmorrell,,male
185,astutejoe,Gabriel,Garcia,male
184,astutejoe,Gabriel,Garcia,male
182,astutejoe,Gabriel,Garcia,male
181,dperetti,dperetti,,female
180,edelvalle,Eddy,Ernesto del Valle Pino,male
177,chouhanyang,chouhanyang,,male
174,dpineiden,David,Pineda,male
173,luke777,luke,,male
6679,fbcouch,Jami,Couch,female
6648,domesticmouse,Brett,Morgan,male
6630,maxeema,Max,Shemetov,male
6613,domesticmouse,Brett,Morgan,male
6576,dcharkes,Daco,Harkes,male
6575,webeasystep,fakhr,,male
6556,OpenSphereSoftware,Max,Berktold - OpenSphere,male
6547,johnpryan,John,Ryan,male
6537,efraimbart,efraimbart,,male
6523,ashellunts,Artur,Shellunts,male
6519,miquelbeltran,Miguel,Beltran,male
6516,treyshotz,Mads,Lundegaard,male
6508,chonghorizons,chonghorizons,,male
6506,gssln,Antoine,Gosselin,male
6484,techstrix,John,Kimani,male
6477,techstrix,John,Kimani,male
6476,techstrix,John,Kimani,male
6470,Farial-mahmod,Farial,Mahmod,female
6456,johnpryan,John,Ryan,male
6454,btobin,Brian,Tobin,male
6434,ReinisSprogis,Reinis,Sprogis,male
6429,janjoosse,janjoosse,,female
6414,iskakaushik,Kaushik,Iska,male
6410,dnparadice,dnparadice,,female
6401,mustafamg,Mustafa,M. Gamal,male
6395,Coronon,Rubin,Raithel,male
6392,AlexV525,Alex,Li,male
6391,BlackIQ,AmirHossein,Mohammadi,male
6389,aakzsh,Aakash,Shrivastava,male
6385,jhancock4d,James,Hancock,male
6379,AlexV525,Alex,Li,male
6377,sfshaza2,Shams,Zakhour (ignore Sfshaza),male
6371,RedBrogdon,Andrew,Brogdon,male
6363,neiljaywarner,Neil,Jay Warner,male
6351,piedcipher,Tirth,,male
6341,stuartmorgan,stuartmorgan,,male
6339,btobin,Brian,Tobin,male
6325,OrlandoEduardo101,Orlando,Eduardo Pereira,male
6310,zanderso,Zachary,Anderson,male
6308,ChaserVasya,ChaserVasya,,female
6296,johnpryan,John,Ryan,male
6291,Piinks,Kate,Lovett,female
6289,whiplashoo,Minas,Giannekas,male
6279,nickppbd,nickppbd,,male
6263,christopherfujino,Christopher,Fujino,male
6252,hrishikesh-kadam,Hrishikesh,Kadam,male
6248,RedBrogdon,Andrew,Brogdon,male
6243,gspencergoog,Greg,Spencer,male
6224,parth5jain,parthjain,,male
6214,bruno-garcia,Bruno,Garcia,male
6211,godofredoc,godofredoc,,male
6201,TahaTesser,Taha,Tesser,male
6151,Rishaba-Jain,Rishaba-Jain,,male
6153,nyck33,Nobutaka,Kim,male
6143,Kartik-21,Kartik,Jain,male
6134,ljmatan,ljmatan,,male
6102,sfshaza2,Shams,Zakhour (ignore Sfshaza),male
6095,godofredoc,godofredoc,,male
6087,pieter-scholtz,pieter-scholtz,,male
6074,JarvisHo,Jarvis,Ho,male
6071,kelanRoss,Kelan,Laban,male
6069,cyeh1234,cyeh,,male
6059,sergiocasero,Sergio,Casero Hernández,male
6031,sfshaza2,Shams,Zakhour (ignore Sfshaza),male
6021,Jasmanibk,Jasmanibk,,male
6017,tomgilder,Tom,Gilder,male
6008,adnanjpg,Adnan,,male
5991,nawalhmw,Nawal,Alhamwi,female
5984,gspencergoog,Greg,Spencer,male
5982,jagomf,Jago,,male
5969,vsmenon,vsmenon,,male
5949,sm2017,sm,,male
5944,XenLabsNikhil,Nikhil,Hole,male
5942,randomcanaries,randomcanaries,,male
5939,hrishikesh-kadam,Hrishikesh,Kadam,male
5935,kf6gpe,Ray,"Rischpater, KF6GPE",male
5931,MarcusTomlinson,Marcus,Tomlinson,male
5929,timsneath,Tim,Sneath,male
5912,bringbackthedog,Lenz,Paul,male
5893,craastad,Chris,Raastad,male
5866,zanderso,Zachary,Anderson,male
5859,ebukaodini,Ebuka,,male
5832,weijiechai,Chai,Wei Jie,male
5818,srawlins,Sam,Rawlins,male
5814,piedcipher,Tirth,,male
5807,hrishikesh-kadam,Hrishikesh,Kadam,male
5805,hrishikesh-kadam,Hrishikesh,Kadam,male
5798,iapicca,Francesco,Iapicca,male
5795,AugustDG,Augusto,Mota Pinheiro,male
5790,hrishikesh-kadam,Hrishikesh,Kadam,male
5786,hrishikesh-kadam,Hrishikesh,Kadam,male
5782,hrishikesh-kadam,Hrishikesh,Kadam,male
5780,leemke,leemke,,female
5771,Piinks,Kate,Lovett,female
5767,hnishi,hnishi,,female
5749,goderbauer,Michael,Goderbauer,male
5746,Sameerkash,Sameer,Kashyap,male
5742,Calamity210,Aayan,,male
5741,rafamarqs,Rafael,Marques,male
5740,Calamity210,Aayan,,male
5736,miquelbeltran,Miguel,Beltran,male
5732,kevmoo,Kevin,Moore,male
5708,Piinks,Kate,Lovett,female
5672,sfshaza2,Shams,Zakhour (ignore Sfshaza),male
5662,psenakv,Vojtěch,Pšenák,male
5654,hrishikesh-kadam,Hrishikesh,Kadam,male
5645,neiljaywarner,Neil,Jay Warner,male
5633,WunGCQ,WunGCQ,,male
5630,ryansama,Ryan,Samarajeewa,male
5616,aliyazdi75,Ali,Yazdi,male
5612,blazern,Danil,,male
5606,LongCatIsLooong,LongCatIsLooong,,male
5573,Gene-Dana,Gene,,male
5565,roman-petrov,Roman,Petrov,male
5550,ened,Sebastian,Roth,male
5538,Pingear,Constantine,,male
5533,nt4f04uNd,ntfuNd,,male
5527,Tapaswi846580,Tapaswi,Satyapanthi,female
5526,shouichi,Shouichi,Kamiya,male
5515,miquelbeltran,Miguel,Beltran,male
5507,rinoldsimon,Rinold,Simon ,male
5504,MarcusTomlinson,Marcus,Tomlinson,male
5499,kevmoo,Kevin,Moore,male
5492,miquelbeltran,Miguel,Beltran,male
5488,i3games,crcdng,,male
5484,mprostock,Marc,P. Rostock,male
5480,timsneath,Tim,Sneath,male
5476,Puspharaj,Puspharaj,Selvaraj,male
5460,sfshaza2,Shams,Zakhour (ignore Sfshaza),male
5447,sfshaza2,Shams,Zakhour (ignore Sfshaza),male
5427,SahajRana,Sahaj,Rana,male
5416,hungrybluedev,Subhomoy,Haldar,male
5394,cervm,Marek,Cervinka,male
5385,jonasjuni,Jonas,Cerqueira Junior,male
5381,nerdybunz,Nerdy,Bunz,male
5373,fahaddi,fahaddi,,male
5351,Hixie,Ian,Hickson,male
5329,eseidelGoogle,Eric,Seidel,male
5328,claudiomirzanchetti,Claudiomir,Zanchetti,male
5324,siddhant-dev,Siddhant,Jaiswal,male
5323,filiph,Filip,Hracek,male
5322,Hixie,Ian,Hickson,male
5314,athomas,Alexander,Thomas,male
5296,st-den,Den,,male
5287,sfshaza2,Shams,Zakhour (ignore Sfshaza),male
5283,Abhishek01039,Abhishek,Ghaskata,male
5281,agavrel,Antonin,GAVREL,male
5277,staggone-ill,staggone-ill,,male
5270,pinguin999,Kolja,,male
5267,bruno-garcia,Bruno,Garcia,male
5259,RedBrogdon,Andrew,Brogdon,male
5251,MeandNi,杨加康,,male
5247,xster,xster,,female
5244,johnpryan,John,Ryan,male
5243,xster,xster,,female
5232,LeonardoRosaa,Leonardo,Rosa,male
5229,domesticmouse,Brett,Morgan,male
5227,miquelbeltran,Miguel,Beltran,male
5221,liyuqian,Yuqian,Li,female
5215,VarunSAthreya,Varun,S Athreya,male
5202,natebosch,Nate,Bosch,male
5201,sfshaza2,Shams,Zakhour (ignore Sfshaza),male
5195,dcharkes,Daco,Harkes,male
5190,i3games,crcdng,,male
5189,louisrli,Louis,Li,male
5166,omartinma,Oscar,,male
5147,lucalves,Lucas,Alves,male
5141,hk6an6,Nicolas,Aragon,male
5128,zmeggyesi,Zalán,Meggyesi,male
5125,Piinks,Kate,Lovett,female
5115,seckinsen,Seçkin,ŞEN,male
5105,Abhishek01039,Abhishek,Ghaskata,male
5096,portintegration,Gerome-Ysmael,,male
5090,tomaszpolanski,Tomek,Polański,male
5066,mkiisoft,Mariano,Zorrilla,male
5062,drekka,Derek,Clarkson,male
5052,Arenukvern,Anton,Malofeev,male
5044,creativecreatorormaybenot,creativecreatorormaybenot,,male
5032,asashour,Ahmed,Ashour,male
5026,aadarshadhakalg,Aadarsha,Dhakal,male
5019,Klievan,Ivan,Herrera,male
4983,eduardoflorence,Eduardo,Florence,male
4982,eduardoflorence,Eduardo,Florence,male
4981,filiph,Filip,Hracek,male
4972,thankee,thankee,,female
4970,yahu1031,Minnu,,female
4964,jpkontreras,Julio,Contreras Marchant,male
4962,omatt,Omar,Matthew,male
4956,jmagman,Jenn,Magder,female
4949,omatt,Omar,Matthew,male
4943,jimmycasey,Jimmy,Casey,male
4942,shihaohong,Shi-Hao,Hong,male
4883,AlexV525,Alex,Li,male
4850,jwise,Joshua,Wise,male
4842,yashwanth-ravula,Yashwanth,Ravula,male
4830,slashwhatever,James,,male
4821,holvonixAdvay,Advay,Mengle (at Holvonix LLC),male
4812,therealansh,Ansh,Tyagi,male
4791,deandreamatias,Matias,de Andrea,male
4783,tango4567,Tarun,Mahajan,male
4776,Ravivarshney,Ravi,Varshney,male
4769,johnpryan,John,Ryan,male
4719,pranjaljain0,Pranjal,Jain,male
4687,ravindrabarthwal,Ravindra,barthwal,male
4673,purezen,Aditya,Bhardwaj,male
4664,SainathPatil001,Sainath,Sambhaji Patil,male
4649,kashbadami,Kash,Badami,male
4638,KevalPrajapati,Keval,Prajapati,male
4637,dedesite,Andréas,Livet,male
4633,miDeb,Michael,Debertol,male
4611,InMatrix,Tao,Dong,male
4599,terrylucas,Terry,Lucas,male
4592,xster,xster,,female
4586,pavi2410,Pavitra,Golchha,female
2126,renovate[bot],renovate[bot],,male
1897,erosman,erosman,,male
1882,willdurand,William,Durand,male
1836,wagnerand,Andreas,Wagner,male
1804,willdurand,William,Durand,male
1773,renovate[bot],renovate[bot],,male
1765,wagnerand,Andreas,Wagner,male
1756,renovate[bot],renovate[bot],,male
1689,renovate[bot],renovate[bot],,male
1685,kewisch,Philipp,Kewisch,male
1777,erosman,erosman,,male
1668,renovate[bot],renovate[bot],,male
1661,bqbn,bqbn,,male
1656,wagnerand,Andreas,Wagner,male
1628,bobsilverberg,Bob,Silverberg,male
1625,renovate[bot],renovate[bot],,male
1623,bobsilverberg,Bob,Silverberg,male
1607,ioanarusiczki,ioanarusiczki,,male
1605,MikeM711,Michael,McCabe,male
1596,renovate[bot],renovate[bot],,male
1595,bobsilverberg,Bob,Silverberg,male
1593,ioanarusiczki,ioanarusiczki,,male
1574,bobsilverberg,Bob,Silverberg,male
1567,ioanarusiczki,ioanarusiczki,,male
1559,bobsilverberg,Bob,Silverberg,male
1542,bobsilverberg,Bob,Silverberg,male
1507,ioanarusiczki,ioanarusiczki,,male
1502,bobsilverberg,Bob,Silverberg,male
1496,bobsilverberg,Bob,Silverberg,male
1491,mirefly,mirefly,,female
2670,kik-kik,kik-kik,,female
2663,ANich,Alexander,Nicholson,male
2662,relud,Daniel,Thorn,male
2658,jklukas,Jeff,Klukas,male
2655,kik-kik,kik-kik,,female
2653,dependabot[bot],dependabot[bot],,male
2650,scholtzan,Anna,Scholtz,female
2647,emtwo,Marina,Samuel,female
2642,alekhyamoz,Alekhya,,female
2635,kik-kik,kik-kik,,female
2633,dependabot[bot],dependabot[bot],,male
2625,rebecca-burwei,Rebecca,BurWei,female
2624,scholtzan,Anna,Scholtz,female
2618,rebecca-burwei,Rebecca,BurWei,female
2616,willkg,Will,Kahn-Greene,male
2600,scholtzan,Anna,Scholtz,female
2597,scholtzan,Anna,Scholtz,female
2594,scholtzan,Anna,Scholtz,female
2574,kik-kik,kik-kik,,female
2572,jmccrosky,jmccrosky,,male
2567,scholtzan,Anna,Scholtz,female
2558,kik-kik,kik-kik,,female
2510,Dexterp37,Alessio,Placitelli,male
2499,whd,whd,,male
2480,ANich,Alexander,Nicholson,male
2442,rebecca-burwei,Rebecca,BurWei,female
2413,whd,whd,,male
2363,xluo-ds,XuanLuo,,male
2359,rebecca-burwei,Rebecca,BurWei,female
2351,wlach,Will,Lachance,male
2307,wlach,Will,Lachance,male
2300,whd,whd,,male
2278,jklukas,Jeff,Klukas,male
2274,jklukas,Jeff,Klukas,male
2246,whd,whd,,male
2226,emtwo,Marina,Samuel,female
2214,whd,whd,,male
2149,dependabot[bot],dependabot[bot],,male
2115,jklukas,Jeff,Klukas,male
2091,dependabot[bot],dependabot[bot],,male
2056,acmiyaguchi,Anthony,Miyaguchi,male
2051,acmiyaguchi,Anthony,Miyaguchi,male
2007,dependabot[bot],dependabot[bot],,male
1962,jklukas,Jeff,Klukas,male
1954,irrationalagent,Leif,Oines,male
1953,scholtzan,Anna,Scholtz,female
1947,acmiyaguchi,Anthony,Miyaguchi,male
1891,akkomar,akkomar,,male
1873,jklukas,Jeff,Klukas,male
1859,fbertsch,Frank,Bertsch,male
1858,jklukas,Jeff,Klukas,male
757,Arthur-Milchior,Arthur,Milchior,male
747,Mariatta,Mariatta,Wijaya,female
734,pablogsal,Pablo,Galindo Salgado,male
691,00Kai0,Kerwin(Kaihui),Sun,male
688,matrixise,Stéphane,Wirtel,male
682,encukou,Petr,Viktorin,male
679,pablogsal,Pablo,Galindo Salgado,male
676,encukou,Petr,Viktorin,male
673,Maroloccio,Marco,Ippolito,male
667,euberdeveloper,Eugenio,Berretta,male
662,Mariatta,Mariatta,Wijaya,female
650,jablonskidev,jablonskidev,,male
623,aliya-rahmani,Aliya,Rahmani,female
615,Caesar1N,CaesarN,,male
596,EricCousineau-TRI,Eric,Cousineau,male
588,DahlitzFlorian,Florian,Dahlitz,male
581,westurner,Wes,Turner,male
579,aeros,Kyle,Stanley,male
576,brettcannon,Brett,Cannon,male
570,idomic,Ido,M,male
568,opensource-assist,Aurora,Lanes,female
562,pablogsal,Pablo,Galindo Salgado,male
560,RDIL,Reece,Dunham,male
533,brettcannon,Brett,Cannon,male
531,eamanu,Emmanuel,Arias,male
120,penguin-wwy,penguin_wwy,,female
109,ericsnowcurrently,Eric,Snow,male
102,Fidget-Spinner,Ken,Jin,male
98,sweeneyde,Dennis,Sweeney,male
97,corona10,Dong-hee,Na,male
95,Fidget-Spinner,Ken,Jin,male
80,SouvikGhosh05,Souvik,Ghosh,male
70,lazka,Christoph,Reiter,male
63,lazka,Christoph,Reiter,male
61,lazka,Christoph,Reiter,male
56,methane,Inada,Naoki,female
54,vstinner,Victor,Stinner,male
1956,berinhard,berin,,male
1830,luzfcb,Fábio,C. Barrionuevo da Luz,male
1826,ewdurbin,Ee,Durbin,female
1820,code-reaper08,Vishwa.R,,male
1766,zooba,Steve,Dower,male
1735,davidfstr,David,Foster,male
1724,dschwoerer,David,Bold,male
1702,berinhard,berin,,male
1678,ewdurbin,Ee,Durbin,female
1672,The-Compiler,Florian,Bruhin,male
1651,cvhorie,cvhorie,,female
1642,helmarw,helmarw,,female
1633,ofek,Ofek,Lev,male
1632,Phillip-M-Feldman,Phillip,M. Feldman,male
1628,GordonRaleigh,GordonRaleigh,,male
1626,adalke,Andrew,Dalke,male
1618,rishabh96b,Rishabh,Bohra,male
1611,zooba,Steve,Dower,male
1606,BoCoKeith,Keith,Spitz,male
1596,Nagarjuna05,Nagarjuna,,male
1577,ned-deily,Ned,Deily,male
1569,crwilcox,Christopher,Wilcox,male
1540,fiedersz,Elsz,,female
1537,ned-deily,Ned,Deily,male
1534,leahymr,leahymr,,male
1530,jnny,Jenny,Ryan,female
1500,brainwane,Sumana,Harihareswara,female
1499,Ido156,Ido,,male
1498,brainwane,Sumana,Harihareswara,female
1456,skatlapa,Shashank,Katlaparthi,male
1452,gvanrossum,Guido,van Rossum,male
1440,scottilee,Scott,Lee,male
1437,scottilee,Scott,Lee,male
1430,Abdur-rahmaanJ,Abdur-Rahmaan,Janhangeer,male
1420,reutiteuti,Reuben,Scheck,male
1402,eamanu,Emmanuel,Arias,male
1401,csabella,Cheryl,Sabella,female
1398,Roofnos,Roofnos,,male
1395,nanjekyejoannah,Joannah,Nanjekye,female
1375,tiran,Christian,Heimes,male
1358,nlhkabu,Nicole,Harris,female
1350,KoertNL,Koert,Schonewille,male
1345,Rokit12,Robinson,M,male
1339,Adarshreddyash,Adarshreddy,adelli,male
1333,berkerpeksag,Berker,Peksag,male
1331,mch1992,Matt,Havard,male
1317,jaap3,Jaap,Roes,male
1315,jaap3,Jaap,Roes,male
1314,jaap3,Jaap,Roes,male
1309,Mariatta,Mariatta,Wijaya,female
1306,jaap3,Jaap,Roes,male
1302,Mariatta,Mariatta,Wijaya,female
1294,tjguk,Tim,Golden,male
1286,Tomasz-Kluczkowski,Tomasz,Kluczkowski,male
1281,berkerpeksag,Berker,Peksag,male
1276,fdroessler,froessler,,male
1274,Tomasz-Kluczkowski,Tomasz,Kluczkowski,male
1273,antdking,Anthony,King,male
1272,Tomasz-Kluczkowski,Tomasz,Kluczkowski,male
1271,aixtools,Michael,Felt,male
3256,karimelghazouly,Karim,El Ghazouly,male
3254,NehaPeer,NehaPeer,,male
3245,katorres02,Carlos,Torres,male
3237,justin808,Justin,Gordon,male
3236,erosinlove,erosinlove,,male
3234,justin808,Justin,Gordon,male
3232,jasonfb,Jason,Fleetwood-Boldt,male
3220,justin808,Justin,Gordon,male
3218,jessewmc,Jesse,,male
3217,pure-js,Årtur,,male
3212,andreas-venturini,Andreas,Venturini,male
3210,SamShekhovtsov,Sem,Shekhovtsov,male
3209,joker-777,Johannes,Köhler,male
3204,gastonmorixe,Gaston,Morixe,male
3196,tbolender,Tim,Bolender,male
3189,dwightwatson,Dwight,Watson,male
3183,pustovalov,Pavel,Pustovalov,male
3163,Sirius-KiH,Sirius-KiH,,female
3156,dhh,David,Heinemeier Hansson,male
3155,vladimirtemnikov,Vladimir,Temnikov,male
3154,t27duck,Tony,Drake,male
3153,dwightwatson,Dwight,Watson,male
3151,justin808,Justin,Gordon,male
3148,pawlarius,pawlarius,,male
3145,rctneil,Neil,Tonge,male
3143,guillaumebriday,Guillaume,Briday,male
3139,ndrean,Neven,DREAN,male
3137,ndrean,Neven,DREAN,male
3132,shadydealer,Dimitar,Lukanov,male
3129,ndrean,Neven,DREAN,male
3122,t27duck,Tony,Drake,male
3116,vtamara,Vladimir,Támara Patiño,male
3115,tonibardina,Toni,Bardina Comas,female
3112,PikachuEXE,PikachuEXE,,male
3101,dmolesUC,David,Moles,male
3098,pedrofurtado,Pedro,Furtado,male
3096,sarambasich,Stefan,Arambasich,male
3093,sujaysudheenda,Sujay,Sudheendra,male
3090,jaredbeck,Jared,Beck,male
3084,guillaumebriday,Guillaume,Briday,male
3083,guillaumebriday,Guillaume,Briday,male
3080,sled,Simon,Schmid,male
3078,drnic,Dr,Nic Williams,male
3077,philipriley,Philip,Riley,male
3071,FireLemons,Shen,Yang,male
3068,justin808,Justin,Gordon,male
3065,dave105010,Dave,,male
3064,pgruener,gruener,,male
3062,alvincrespo,Alvin,Crespo,male
3060,justin808,Justin,Gordon,male
3055,wwahammy,Eric,Schultz,male
3053,suni-masuno,suni-masuno,,male
3044,joshleblanc,Josh,LeBlanc,male
3041,scarybot,James,Denness,male
3040,Eusebius1920,Eusebius,,male
3032,goldenking0412,GoldenKing0412,,male
3031,justin808,Justin,Gordon,male
3029,dorianmariefr,Dorian,Marié,male
3020,tricknotes,Ryunosuke,Sato,male
3018,GGrassiant,Guillaume,Grassiant,male
3017,jthornhill,Jeremy,Thornhill,male
3015,crawler,Anton,Topchii,male
3008,niedfelj,Joel,N,male
3001,agrobbin,Alex,Robbin,male
2999,joker-777,Johannes,Köhler,male
2995,ghost,Deleted,user,male
2994,anark,anark,,male
2992,LeeRenJie,Lee,Ren Jie,male
2991,coremuscle254,coremuscle,,male
2989,acouprie,Antoine,Couprie,male
2984,khangpn,Nguyen,Phuc Khang,male
2981,kb-ally,KB,,male
2977,cguess,Christopher,Guess,male
2976,anark,anark,,male
2972,my-very-own-account,my-very-own-account,,male
2969,The-da-vinci,Leonard,,male
2957,rossta,Ross,Kaffenberger,male
2956,mildred,Mildred,Ki'Lya,female
2955,dmbrooking,Dan,Brooking,male
2948,texpert,Aurel,Branzeanu,male
2947,henrik,Henrik,Nyh,male
2946,ferblape,Fernando,Blat,male
2933,raulriera,Raul,Riera,male
2932,daniesg,daniesg,,male
2929,kurt-mueller-osumc,Kurt,Mueller,male
2926,pustomytnyk,Roman,Sokhan,male
2924,gr8bit,Niklas,,male
2917,ParamagicDev,Konnor,Rogers,male
2916,rafath,Rafath,Khan,male
2914,simonoff,Oleksandr,Simonov,male
2913,dkniffin,Derek,Kniffin,male
2912,Pezmc,Pez,Cuckow,male
2905,Dujota,Denis,S Dujota,male
2904,Spdwal,Spdwal,,male
2899,aldent95,Alex,Dent,male
2895,guillaumebriday,Guillaume,Briday,male
2892,crawler,Anton,Topchii,male
2891,fabianzwodrei,zwodrei,,male
2890,crawler,Anton,Topchii,male
2889,pedrofurtado,Pedro,Furtado,male
2887,SampsonCrowley,Sampson,Crowley,male
2886,DiegoOrejuela,DiegoOrejuela,,female
2883,gencer,Gencer,W. Genç,male
2879,diesl,diesl,,female
2876,grncdr,Stephen,Sugden,male
2875,s0rin,srin,,male
2866,cmitz,Casper,Smits,male
2864,n-rodriguez,Nicolas,Rodriguez,male
2861,storm2513,Maksim,Shylau,male
2860,Ecco,Ecco,,male
2859,Intrepidd,Adrien,S,male
2856,noelrappin,Noel,Rappin,male
2854,gencer,Gencer,W. Genç,male
2850,masato-hi,masato-hi,,male
2845,n-rodriguez,Nicolas,Rodriguez,male
2844,n-rodriguez,Nicolas,Rodriguez,male
2839,justin808,Justin,Gordon,male
2838,justin808,Justin,Gordon,male
2835,holidayworking,Hidekazu,Tanaka,male
2832,pedrofurtado,Pedro,Furtado,male
2831,tagliala,Geremia,Taglialatela,male
2828,pedrofurtado,Pedro,Furtado,male
2825,youthtech-228,youthtech-228,,male
2818,pedrofurtado,Pedro,Furtado,male
2816,tagliala,Geremia,Taglialatela,male
2814,davetron5000,David,Copeland,male
2806,sgaxr,sgaxr,,male
2804,RST-J,Jonas,Peschla,male
2802,gauravtiwari,Gaurav,Tiwari,male
2801,n-rodriguez,Nicolas,Rodriguez,male
2799,doits,Markus,,male
2794,petitkriket,Samuel,Bouaroua,male
2788,krists,Krists,Ozols,male
2784,gonewild22,gonewild,,male
2782,JoshRobertson,Josh,Robertson,male
2779,przbadu,przbadu,,male
2766,aried3r,Anton,Rieder,male
2757,pedrofurtado,Pedro,Furtado,male
2751,tchukuchuk,Julien,Biard,male
2734,braddunbar,Brad,Dunbar,male
2728,mazen506,mazen506,,female
2718,gsouf,Soufiane,Ghzal,male
2714,jaredbeck,Jared,Beck,male
2711,justin808,Justin,Gordon,male
2700,tragiclifestories,James,Turley,male
2699,kapso,Kapil,,male
2695,akoskm,Akos,Kemives,male
2693,hasanen,Joni,Hasanen,female
2688,RomanKrasavtsev,Roman,Krasavtsev,male
2684,lawrenceelitzer,Lawrence,Elitzer,male
2674,Sakshi1305,Sakshi,,female
2673,JoshRobertson,Josh,Robertson,male
2672,strobilomyces,strobilomyces,,male
2667,Randall-Coding,Randall,B,male
2654,alan-pie,Alan,Savage,male
2651,kazuhitonakayama,Kazuhito,Nakayama,male
2644,justin808,Justin,Gordon,male
2641,walidvb,Walid,,male
2640,justin808,Justin,Gordon,male
2638,vzelenko,Vlad,,male
2629,justin808,Justin,Gordon,male
2627,ibraheemdev,Ibraheem,Ahmed,male
2624,jakeNiemiec,Jake,Niemiec,male
2623,pustovalov,Pavel,Pustovalov,male
2619,thebravoman,Kiril,Mitov,male
2618,pustovalov,Pavel,Pustovalov,male
2613,eric-hemasystems,Eric,Anderson,male
2605,thebravoman,Kiril,Mitov,male
2595,rossta,Ross,Kaffenberger,male
2589,ParamagicDev,Konnor,Rogers,male
2587,woniesong92,Howon,Song,male
2582,mikestone14,Mike,Stone,male
2579,obedparla,Obed,Marquez Parlapiano,male
2570,dmolesUC,David,Moles,male
2569,billy1kaplan,billykaplan,,male
2566,spazer5,spazer,,male
2564,scottrobertson,Scott,Robertson,male
2562,Ecco,Ecco,,male
2561,justin808,Justin,Gordon,male
2560,CGA1123,Christian,Gregg,male
2558,noelrappin,Noel,Rappin,male
2556,pustovalov,Pavel,Pustovalov,male
2555,deepj,deepj,,male
2552,thebravoman,Kiril,Mitov,male
2549,zverexe,zverexe,,male
2547,hueter,Michael,Hueter,male
2546,deepj,deepj,,male
2545,keyboard-clacker,Kyle,Holzinger,male
2541,gopeter,Peter,Oesteritz,male
2533,woniesong92,Howon,Song,male
2523,nPaul,Lucifer-999,,female
2518,rossta,Ross,Kaffenberger,male
2514,Borzik,Felix,Borzik,male
2512,kritik,Vladimir,Krylov,male
2509,VRRmax,Maximilien,,male
2506,schmijos,Josua,Schmid,male
2488,ngan,Ngan,Pham,female
2487,tleish,tleish,,male
2479,wonderbeel,Alberto,,male
2478,yoonwaiyan,Yoon,Wai Yan,male
2474,benlieb,Benjamin,Lieb,male
2473,cpetley,cpetley,,male
2471,usmanchaudhryme,Usman,Chaudhry,male
2467,erbridge,F,,male
2466,nliapis,nliapis,,male
2462,samstickland,Sam,Stickland,male
2460,justin808,Justin,Gordon,male
2450,mehdi514,Muhammad,Mehdi,male
2449,gopeter,Peter,Oesteritz,male
2446,ghost,Deleted,user,male
2443,gauravtiwari,Gaurav,Tiwari,male
2441,sbeam,sbeam,,male
2438,justin808,Justin,Gordon,male
2437,matthewgoodwin,Matthew,Goodwin,male
2428,pustovalov,Pavel,Pustovalov,male
2427,majkelcc,majkelcc,,male
2425,xiaopow,Xiao,Yang,female
2424,mayordwells,Mayor,,male
2417,smondal,sandip,mondal,male
2415,pustovalov,Pavel,Pustovalov,male
2399,JoshRobertson,Josh,Robertson,male
2397,vfonic,Viktor,,male
2393,reggieb,Rob,Nichols,male
2392,reggieb,Rob,Nichols,male
2389,gauravtiwari,Gaurav,Tiwari,male
2387,WillHen,William,Henshaw,male
2376,0xdevalias,Glenn,'devalias' Grant,male
2375,Volosh1n,Vsevolod,Voloshyn,male
2373,Loremaster,Serj,L,male
2372,joker-777,Johannes,Köhler,male
2371,jrochkind,Jonathan,Rochkind,male
2369,b-nik,b-nik,,male
2367,hamzashafiq007,Hamza,Shafiq,male
2363,DaniG2k,Daniele,,female
2354,albus522,David,Genord II,male
2353,vfonic,Viktor,,male
2350,JWesorick,Jake,Wesorick,male
2348,cjbottaro,Christopher,J. Bottaro,male
2344,kimyu92,Kim,Yu Ng,female
2342,TylerRick,Tyler,Rick,male
2332,dansteele,Daniel,Steele,male
2326,joelcahalan,Joel,Cahalan,male
2324,eadz,Eaden,McKee,male
2322,henderea,Eric,Henderson,male
2318,LuanGB,Luan,Gonçalves Barbosa,male
2312,kevinnio,Kevin,Perez,male
2309,joker-777,Johannes,Köhler,male
2305,soundasleep,Jevon,Wright,male
2304,jamesarosen,James,A Rosen,male
2295,bluegod,James,Lopez,male
2285,nPaul,Lucifer-999,,female
2284,hatched-danny,Danny,,male
2282,Meekohi,Michael,Holroyd,male
2276,akoskm,Akos,Kemives,male
2275,ajsharp,Alex,Sharp,male
2274,Bdoom,Daniel,Gleason,male
2273,clupprich,Christoph,Lupprich,male
2272,127,Marat,Mamyashev,male
2271,HarrisonB,Harrison,Bachrach,male
761,deivid-rodriguez,David,Rodríguez,male
757,collimarco,Marco,Colli,male
756,KishiTheMechanic,Shota,Kishi,male
753,epugh,Eric,Pugh,male
744,jigarius,Jigar,Mehta,male
741,jaredcwhite,Jared,White,male
728,paddor,Patrik,Wenger,male
723,nvoynov,Nikolay,Voynov,male
721,johan-smits,Johan,Smits,male
687,deivid-rodriguez,David,Rodríguez,male
679,deivid-rodriguez,David,Rodríguez,male
652,deivid-rodriguez,David,Rodríguez,male
651,hibariya,Hibariya,,female
643,alessio-signorini,Alessio,Signorini,male
635,bobziuchkovski,Bob,Ziuchkovski,male
624,marcandre,Marc-André,Lafortune,male
618,MaxLap,Maxime,Lapointe,male
616,Choms,Sergio,Gonzalez,male
609,deivid-rodriguez,David,Rodríguez,male
594,koic,Koichi,ITO,male
580,toepokesoftware,toepokesoftware,,male
578,jmax315,John,Maxwell,male
572,sschuberth,Sebastian,Schuberth,male
554,reneweteling,Rene,Weteling,male
548,AlexEvanczuk,Alex,Evanczuk,male
542,garrrth,Gareth,Dackevych-Thomas,male
539,segiddins,Samuel,Giddins,male
538,HFR1994,Héctor,Flores,male
534,ThomasConnolly,Tom,Connolly,male
533,kapso,Kapil,,male
516,jtannas,Joel,Tannas,male
514,cupakromer,Aaron,Kromer,male
509,tnir,Takuya,N,male
501,yuki24,Yuki,Nishijima,female
488,aried3r,Anton,Rieder,male
486,blackjack26,Jack,Grzechowiak,male
481,olleolleolle,Olle,Jonsson,male
472,connorshea,Connor,Shea,male
461,bborn,Bruno,Bornsztein,male
452,utilum,utilum,,male
438,mortik,Marten,Klitzke,male
435,siegfault,Michael,Siegfried,male
434,ademars94,Alex,DeMars,male
430,chrisyuska,Chris,Yuska,male
427,conzett,Graham,Conzett,male
403,georgeclaghorn,George,Claghorn,male
401,AlexVPopov,Alex,Popov,male
400,georgeclaghorn,George,Claghorn,male
399,markwpiper,Mark,Piper,male
396,webchi,Vasiliy,,male
389,maclover7,Jon,Moss,male
386,justin808,Justin,Gordon,male
385,justin808,Justin,Gordon,male
384,tchret,Thomas,Chrétien,male
383,dijonkitchen,Jonathan,(JC) Chen,male
378,yusufali2205,Yusuf,Ali,male
366,heycait,Caitlyn,Yu,female
359,thinca,thinca,,female
352,warmwaffles,Matthew,Johnston,male
342,sambecker,Sam,Becker,male
341,javan,Javan,Makhmali,male
339,tduek,Tommy,Duek,male
714,brenogazzola,Breno,Gazzola,male
683,afuno,Anton,,male
682,csuhta,Corey,Csuhta,male
659,connorshea,Connor,Shea,male
632,jason-hobbs,Jason,Hobbs,male
615,jaredbeck,Jared,Beck,male
613,felixbuenemann,Felix,Bünemann,male
588,krisleech,Kris,Leech,male
574,chopraanmol1,Anmol,Chopra,male
573,ahorek,Pavel,Rosický,male
571,ahorek,Pavel,Rosický,male
567,ycherniavskyi,Yurii,Cherniavskyi,male
565,pedrofurtado,Pedro,Furtado,male
563,jmreid,Justin,Reid,male
562,mstroming,mstroming,,male
561,omarselim3008,omarselim,,male
560,michaelglass,Michael,Glass,male
558,utilum,utilum,,male
557,greysteil,Grey,Baker,male
556,Fudoshiki,Yuri,S.,female
542,iamdriz,Cameron,,male
525,janbiedermann,Jan,Biedermann,male
506,janbiedermann,Jan,Biedermann,male
504,janbiedermann,Jan,Biedermann,male
503,janbiedermann,Jan,Biedermann,male
496,thebravoman,Kiril,Mitov,male
493,dmnelson,David,Michael Nelson,male
492,dankimio,Dan,Kim,male
490,slhck,Werner,Robitza,male
481,sairam,Sai,Ram Kunala,male
478,jacobbednarz,Jacob,Bednarz,male
476,atyndall,Ash,Tyndall,male
472,travishaynes,Travis,Haynes,male
471,jacksonrayhamilton,Jackson,Ray Hamilton,male
469,wjordan,Will,Jordan,male
465,nzifnab,Nathan,Benes,male
456,kirs,Kir,Shatrov,male
455,rubenfonseca,Ruben,Fonseca,male
451,mjc-gh,Michael,Coyne,male
446,sun617,sun,,female
443,eileencodes,Eileen,M. Uchitelle,female
442,maclover7,Jon,Moss,male
441,schneems,Richard,Schneeman,male
649,fxn,Xavier,Noria,male
636,henryaj,Henry,Stanley,male
621,adrianna-chang-shopify,Adrianna,Chang,female
617,deivid-rodriguez,David,Rodríguez,male
616,deivid-rodriguez,David,Rodríguez,male
610,maxwang096,Max,Wang,male
605,roscom,Ross,Cameron,male
602,mikong,Michael,Galero,male
598,pjmartorell,Pere,Joan Martorell,male
588,remomueller,Remo,Mueller,male
584,PikachuEXE,PikachuEXE,,male
578,ndbroadbent,Nathan,Broadbent,male
565,Fjan,Jan,M. Faber,male
563,mtsmfm,Fumiaki,MATSUSHIMA,male
562,mtsmfm,Fumiaki,MATSUSHIMA,male
560,timrogers,Tim,Rogers,male
559,timrogers,Tim,Rogers,male
551,mattbrictson,Matt,Brictson,male
546,mattbrictson,Matt,Brictson,male
545,mattbrictson,Matt,Brictson,male
538,mizalewski,Michał,Zalewski,male
534,yhirano55,yhirano55,,female
526,sakuro,OZAWA,Sakuro,male
520,junaruga,Jun,Aruga,male
514,Kache,Kevin,C,male
504,oklas,Serguei,Okladnikov,male
500,tjai89,Kirill,Zhuravlov,male
497,misterbyrne,Adam,Byrne,male
494,happycollision,Don,Denton,male
493,killerham,Hamed,Saadat,male
490,WvanLelyveld,Wouter,,male
487,junaruga,Jun,Aruga,male
484,ayufan,Kamil,Trzciński,male
479,fertapric,Fernando,Tapia Rico,male
473,morgoth,Wojciech,Wnętrzak,male
472,morgoth,Wojciech,Wnętrzak,male
470,ghost,Deleted,user,male
468,sonalkr132,Aditya,Prakash,male
466,tycooon,Yuri,Smirnov,male
460,mgi166,MOGI,Hiromu,male
459,keepcosmos,Jaehyun,Shin,male
458,sonalkr132,Aditya,Prakash,male
457,hsume2,Henry,Hsu,male
456,ojab,ojab,,male
455,sonalkr132,Aditya,Prakash,male
453,sonalkr132,Aditya,Prakash,male
450,kalmanh,Kalman,Hazins,male
448,felixbuenemann,Felix,Bünemann,male
447,dmilisic,dmilisic,,male
445,felixbuenemann,Felix,Bünemann,male
444,felixbuenemann,Felix,Bünemann,male
443,hanazuki,Kasumi,Hanazuki,female
437,mariusbutuc,Marius,Butuc,male
435,zw963,Billy.Zheng,,male
431,grosser,Michael,Grosser,male
430,oggy,George,Ogata,male
429,grosser,Michael,Grosser,male
426,grosser,Michael,Grosser,male
423,ypresto,Yuya,Tanaka,male
422,ypresto,Yuya,Tanaka,male
418,grosser,Michael,Grosser,male
414,grosser,Michael,Grosser,male
